2026-04-29T17:59:56.855060,PURCHASE,amoxicillin,user_alice,10.00,COMPLETED
2026-04-29T17:59:56.869997,PURCHASE,amoxicillin,user_charlie,0,FAILED: VERIFICATION
2026-04-29T17:59:56.871284,PURCHASE,sandwich,user_bob,10.00,COMPLETED
2026-04-29T17:59:56.872893,REFUND  ,TxID:TX-9901,COMPLETED
2026-04-29T17:59:56.874091,PURCHASE,water,user_dave,10.00,COMPLETED
2026-04-29T17:59:56.876893,RESTOCK ,sandwich,Qty:10,COMPLETED
2026-04-29T18:00:16.088901,PURCHASE,amoxicillin,user_alice,10.00,COMPLETED
2026-04-29T18:00:16.091084,PURCHASE,amoxicillin,user_charlie,0,FAILED: VERIFICATION
2026-04-29T18:00:16.091961,PURCHASE,sandwich,user_bob,10.00,COMPLETED
2026-04-29T18:00:16.092853,REFUND  ,TxID:TX-9901,COMPLETED
2026-04-29T18:00:16.108534,PURCHASE,water,user_dave,10.00,COMPLETED
2026-04-29T18:00:16.109987,RESTOCK ,sandwich,Qty:10,COMPLETED
2026-04-29T18:00:35.488355,PURCHASE,amoxicillin,user_alice,10.00,COMPLETED
2026-04-29T18:00:35.489477,PURCHASE,amoxicillin,user_charlie,0,FAILED: VERIFICATION
2026-04-29T18:00:35.490158,PURCHASE,sandwich,user_bob,10.00,COMPLETED
2026-04-29T18:00:35.490868,REFUND  ,TxID:TX-9901,COMPLETED
2026-04-29T18:00:35.491586,PURCHASE,water,user_dave,10.00,COMPLETED
2026-04-29T18:00:35.492502,RESTOCK ,sandwich,Qty:10,COMPLETED
2026-04-29T18:00:35.493361,PURCHASE,chips,user_eve,10.00,COMPLETED
2026-04-29T18:00:35.494202,PURCHASE,water,user_frank,10.00,COMPLETED
2026-04-29T18:01:17.297869,PURCHASE,amoxicillin,user_alice,10.00,COMPLETED
2026-04-29T18:01:17.299269,PURCHASE,amoxicillin,user_charlie,0,FAILED: VERIFICATION
2026-04-29T18:01:17.300164,PURCHASE,sandwich,user_bob,10.00,COMPLETED
2026-04-29T18:01:17.301338,REFUND  ,TxID:TX-9901,COMPLETED
2026-04-29T18:01:17.302058,PURCHASE,water,user_dave,10.00,COMPLETED
2026-04-29T18:01:17.303016,RESTOCK ,sandwich,Qty:10,COMPLETED
2026-04-29T18:01:17.303886,PURCHASE,chips,user_eve,10.00,COMPLETED
2026-04-29T18:01:17.304808,PURCHASE,water,user_frank,10.00,COMPLETED
2026-04-29T18:01:36.694285,PURCHASE,amoxicillin,user_alice,10.00,COMPLETED
2026-04-29T18:01:36.696522,PURCHASE,amoxicillin,user_charlie,0,FAILED: VERIFICATION
2026-04-29T18:01:36.698432,PURCHASE,sandwich,user_bob,10.00,COMPLETED
2026-04-29T18:01:36.700523,REFUND  ,TxID:TX-9901,COMPLETED
2026-04-29T18:01:36.701540,PURCHASE,water,user_dave,10.00,COMPLETED
2026-04-29T18:01:36.702625,RESTOCK ,sandwich,Qty:10,COMPLETED
2026-04-29T18:01:36.703540,PURCHASE,chips,user_eve,10.00,COMPLETED
2026-04-29T18:01:36.704518,PURCHASE,water,user_frank,10.00,COMPLETED
2026-04-29T18:01:36.705501,PURCHASE,first_aid_kit,user_grace,10.00,COMPLETED
2026-04-29T18:02:06.448886,PURCHASE,amoxicillin,user_alice,10.00,COMPLETED
2026-04-29T18:02:06.468360,PURCHASE,amoxicillin,user_charlie,0,FAILED: VERIFICATION
2026-04-29T18:02:06.473994,PURCHASE,sandwich,user_bob,10.00,COMPLETED
2026-04-29T18:02:06.479226,REFUND  ,TxID:TX-9901,COMPLETED
2026-04-29T18:02:06.482199,PURCHASE,water,user_dave,10.00,COMPLETED
2026-04-29T18:02:06.513961,RESTOCK ,sandwich,Qty:10,COMPLETED
2026-04-29T18:02:06.531252,PURCHASE,chips,user_eve,10.00,COMPLETED
2026-04-29T18:02:06.538051,PURCHASE,water,user_frank,10.00,COMPLETED
2026-04-29T18:02:06.548069,PURCHASE,first_aid_kit,user_grace,10.00,COMPLETED
2026-04-29T18:21:01.283563,PURCHASE,amoxicillin,user_alice,10.00,COMPLETED
2026-04-29T18:21:01.287851,PURCHASE,amoxicillin,user_charlie,0,FAILED: VERIFICATION
2026-04-29T18:21:01.289013,PURCHASE,sandwich,user_bob,10.00,COMPLETED
2026-04-29T18:21:01.292220,REFUND  ,TxID:TX-9901,COMPLETED
2026-04-29T18:21:01.294269,PURCHASE,water,user_dave,10.00,COMPLETED
2026-04-29T18:21:01.296412,RESTOCK ,sandwich,Qty:10,COMPLETED
2026-04-29T18:21:01.297810,PURCHASE,chips,user_eve,10.00,COMPLETED
2026-04-29T18:21:01.299044,PURCHASE,water,user_frank,10.00,COMPLETED
2026-04-29T18:21:01.300744,PURCHASE,first_aid_kit,user_grace,10.00,COMPLETED
2026-04-29T18:34:22.088629,PURCHASE,chips,user_test,10.00,FAILED: HARDWARE_ERROR
2026-04-29T18:35:39.529927,PURCHASE,chips,user_test,10.00,FAILED: HARDWARE_ERROR
2026-04-29T18:37:33.376217,PURCHASE,amoxicillin,user_alice,10.00,COMPLETED
2026-04-29T18:37:33.377310,PURCHASE,amoxicillin,user_charlie,0,FAILED: VERIFICATION
2026-04-29T18:37:33.377924,PURCHASE,sandwich,user_bob,10.00,COMPLETED
2026-04-29T18:37:33.378585,REFUND  ,TxID:TX-9901,COMPLETED
2026-04-29T18:37:33.379000,PURCHASE,water,user_dave,10.00,COMPLETED
2026-04-29T18:37:33.379692,RESTOCK ,sandwich,Qty:10,COMPLETED
2026-04-29T18:37:33.380329,PURCHASE,chips,user_eve,10.00,COMPLETED
2026-04-29T18:37:33.381001,PURCHASE,water,user_frank,10.00,COMPLETED
2026-04-29T18:37:33.381870,PURCHASE,first_aid_kit,user_grace,10.00,COMPLETED
2026-04-29T18:37:33.382955,PURCHASE,chips,user_test,10.00,FAILED: HARDWARE_ERROR
2026-04-29T18:37:58.988522,PURCHASE,amoxicillin,user_alice,10.00,COMPLETED
2026-04-29T18:37:58.991437,PURCHASE,amoxicillin,user_charlie,0,FAILED: VERIFICATION
2026-04-29T18:37:58.993681,PURCHASE,sandwich,user_bob,10.00,COMPLETED
2026-04-29T18:37:58.996838,REFUND  ,TxID:TX-9901,COMPLETED
2026-04-29T18:37:58.999943,PURCHASE,water,user_dave,10.00,COMPLETED
2026-04-29T18:37:59.014939,RESTOCK ,sandwich,Qty:10,COMPLETED
2026-04-29T18:37:59.023649,PURCHASE,chips,user_eve,10.00,COMPLETED
2026-04-29T18:37:59.030332,PURCHASE,water,user_frank,10.00,COMPLETED
2026-04-29T18:37:59.036333,PURCHASE,first_aid_kit,user_grace,10.00,COMPLETED
2026-04-29T18:37:59.046183,PURCHASE,chips,user_test,10.00,FAILED: HARDWARE_ERROR
2026-04-29T18:53:50.621052,PURCHASE,amoxicillin,user_alice,10.00,COMPLETED
2026-04-29T18:53:50.623144,PURCHASE,amoxicillin,user_charlie,0,FAILED: VERIFICATION
2026-04-29T18:53:50.623684,PURCHASE,sandwich,user_bob,10.00,COMPLETED
2026-04-29T18:53:50.625132,REFUND  ,TxID:TX-9901,COMPLETED
2026-04-29T18:53:50.625578,PURCHASE,water,user_dave,10.00,COMPLETED
2026-04-29T18:53:50.626825,RESTOCK ,sandwich,Qty:10,COMPLETED
2026-04-29T18:53:50.629779,PURCHASE,chips,user_eve,10.00,COMPLETED
2026-04-29T18:53:50.631641,PURCHASE,water,user_frank,10.00,COMPLETED
2026-04-29T18:53:50.633226,PURCHASE,first_aid_kit,user_grace,10.00,COMPLETED
2026-04-29T18:53:50.649589,PURCHASE,chips,user_test,10.00,FAILED: POLICY_DENIED
2026-04-29T18:53:50.650778,PURCHASE,sandwich,user_hardik,8.50,FAILED: POLICY_DENIED
2026-04-29T18:53:50.651817,PURCHASE,water,user_hardik,10.00,COMPLETED
2026-04-29T18:53:50.653081,PURCHASE,water,user_hardik,10.00,COMPLETED
2026-04-29T18:53:50.670618,PURCHASE,water,user_hardik,0.00,COMPLETED
2026-04-29T18:53:50.672623,PURCHASE,chips,user_hardik,15.00,FAILED: POLICY_DENIED
2026-04-29T19:05:18.451516,PURCHASE,chips,user_test,10.00,FAILED: POLICY_DENIED
2026-04-29T19:07:00.399800,PURCHASE,water,1,10.00,COMPLETED
2026-04-29T19:16:09.492568,RESTOCK ,water,Qty:100,COMPLETED
2026-04-29T20:04:33.526544,PURCHASE,water,1,10.00,COMPLETED
2026-04-29T20:08:01.311393,PURCHASE,water,user_0,10.00,COMPLETED
2026-04-29T20:08:01.311698,PURCHASE,water,user_2,10.00,COMPLETED
2026-04-29T20:08:01.312382,PURCHASE,water,user_1,10.00,COMPLETED
2026-04-29T20:09:07.252056,PURCHASE,water,user_0,10.00,COMPLETED
2026-04-29T20:09:07.252380,PURCHASE,water,user_1,10.00,COMPLETED
2026-04-29T20:09:07.253272,PURCHASE,water,user_2,10.00,COMPLETED
